year,Democratic,Republican,Poll_Leading_Margin,Poll_Leader,election_winner,Republican_Electoral,Democrat_Electoral,Republican_Popular,Democrat_Popular,Total_Popular_Vote (Total votes cast in Presidential Election),Republican_Electoral_pct (out of 270),Democrat_Electoral_pct (out of 270),Republican_Popular_pct (Out of total votes cast in Presidential Election),Democrat_Popular_pct (Out of total votes cast in Presidential Election),Electoral_Leading_Margin (difference between dem and rep electorial pct),Popular_Leading_Margin (difference between dem and rep popular vote pct),Poll_vs_Electoral_Margin_Diff,Poll_vs_Popular_Margin_Diff
1936,49.0,45.0,4.0,0,0,8,523,16679583,27751597,44431180,2.96,193.7,37.54,62.46,190.74,24.92,-186.74,-20.92
1936,49.0,45.0,4.0,0,0,8,523,16679583,27751597,44431180,2.96,193.7,37.54,62.46,190.74,24.92,-186.74,-20.92
1936,49.0,45.0,4.0,0,0,8,523,16679583,27751597,44431180,2.96,193.7,37.54,62.46,190.74,24.92,-186.74,-20.92
1936,49.0,44.0,5.0,0,0,8,523,16679583,27751597,44431180,2.96,193.7,37.54,62.46,190.74,24.92,-185.74,-19.92
1936,49.0,45.0,4.0,0,0,8,523,16679583,27751597,44431180,2.96,193.7,37.54,62.46,190.74,24.92,-186.74,-20.92
1936,50.0,44.0,6.0,0,0,8,523,16679583,27751597,44431180,2.96,193.7,37.54,62.46,190.74,24.92,-184.74,-18.92
1936,51.0,44.0,7.0,0,0,8,523,16679583,27751597,44431180,2.96,193.7,37.54,62.46,190.74,24.92,-183.74,-17.92
1936,51.0,44.0,7.0,0,0,8,523,16679583,27751597,44431180,2.96,193.7,37.54,62.46,190.74,24.92,-183.74,-17.92
1936,56.0,44.0,12.0,0,0,8,523,16679583,27751597,44431180,2.96,193.7,37.54,62.46,190.74,24.92,-178.74,-12.92
1940,48.0,42.0,6.0,0,0,82,449,22305198,27244160,49549358,30.37,166.3,45.02,54.98,135.93,9.96,-129.93,-3.96
1940,44.0,43.0,1.0,0,0,82,449,22305198,27244160,49549358,30.37,166.3,45.02,54.98,135.93,9.96,-134.93,-8.96
1940,45.0,43.0,2.0,0,0,82,449,22305198,27244160,49549358,30.37,166.3,45.02,54.98,135.93,9.96,-133.93,-7.96
1940,46.0,44.0,2.0,0,0,82,449,22305198,27244160,49549358,30.37,166.3,45.02,54.98,135.93,9.96,-133.93,-7.96
1940,49.0,40.0,9.0,0,0,82,449,22305198,27244160,49549358,30.37,166.3,45.02,54.98,135.93,9.96,-126.93,-0.96
1940,50.0,40.0,10.0,0,0,82,449,22305198,27244160,49549358,30.37,166.3,45.02,54.98,135.93,9.96,-125.93,0.04
1940,51.0,42.0,9.0,0,0,82,449,22305198,27244160,49549358,30.37,166.3,45.02,54.98,135.93,9.96,-126.93,-0.96
1940,52.0,48.0,4.0,0,0,82,449,22305198,27244160,49549358,30.37,166.3,45.02,54.98,135.93,9.96,-131.93,-5.96
1944,55.0,41.0,14.0,0,0,99,432,22006285,25602504,47608789,36.67,160.0,46.22,53.78,123.33,7.56,-109.33,6.44
1944,53.0,42.0,11.0,0,0,99,432,22006285,25602504,47608789,36.67,160.0,46.22,53.78,123.33,7.56,-112.33,3.44
1944,48.0,46.0,2.0,0,0,99,432,22006285,25602504,47608789,36.67,160.0,46.22,53.78,123.33,7.56,-121.33,-5.56
1944,48.0,47.0,1.0,0,0,99,432,22006285,25602504,47608789,36.67,160.0,46.22,53.78,123.33,7.56,-122.33,-6.56
1944,50.0,45.0,5.0,0,0,99,432,22006285,25602504,47608789,36.67,160.0,46.22,53.78,123.33,7.56,-118.33,-2.56
1944,51.0,45.0,6.0,0,0,99,432,22006285,25602504,47608789,36.67,160.0,46.22,53.78,123.33,7.56,-117.33,-1.56
1944,51.0,44.0,7.0,0,0,99,432,22006285,25602504,47608789,36.67,160.0,46.22,53.78,123.33,7.56,-116.33,-0.56
1944,46.0,45.0,1.0,0,0,99,432,22006285,25602504,47608789,36.67,160.0,46.22,53.78,123.33,7.56,-122.33,-6.56
1944,49.0,41.0,8.0,0,0,99,432,22006285,25602504,47608789,36.67,160.0,46.22,53.78,123.33,7.56,-115.33,0.44
1944,47.0,42.0,5.0,0,0,99,432,22006285,25602504,47608789,36.67,160.0,46.22,53.78,123.33,7.56,-118.33,-2.56
1944,47.0,45.0,2.0,0,0,99,432,22006285,25602504,47608789,36.67,160.0,46.22,53.78,123.33,7.56,-121.33,-5.56
1944,47.0,42.0,5.0,0,0,99,432,22006285,25602504,47608789,36.67,160.0,46.22,53.78,123.33,7.56,-118.33,-2.56
1944,50.0,45.0,5.0,0,0,99,432,22006285,25602504,47608789,36.67,160.0,46.22,53.78,123.33,7.56,-118.33,-2.56
1944,48.0,41.0,7.0,0,0,99,432,22006285,25602504,47608789,36.67,160.0,46.22,53.78,123.33,7.56,-116.33,-0.56
1944,47.0,45.0,2.0,0,0,99,432,22006285,25602504,47608789,36.67,160.0,46.22,53.78,123.33,7.56,-121.33,-5.56
1944,48.0,47.0,1.0,0,0,99,432,22006285,25602504,47608789,36.67,160.0,46.22,53.78,123.33,7.56,-122.33,-6.56
1944,50.0,47.0,3.0,0,0,99,432,22006285,25602504,47608789,36.67,160.0,46.22,53.78,123.33,7.56,-120.33,-4.56
1944,51.0,48.0,3.0,0,0,99,432,22006285,25602504,47608789,36.67,160.0,46.22,53.78,123.33,7.56,-120.33,-4.56
1948,46.0,41.0,5.0,0,0,189,303,21969170,24105695,46074865,70.0,112.22,47.68,52.32,42.22,4.64,-37.22,0.36
1948,39.0,47.0,8.0,1,0,189,303,21969170,24105695,46074865,70.0,112.22,47.68,52.32,42.22,4.64,-34.22,3.36
1948,38.0,49.0,11.0,1,0,189,303,21969170,24105695,46074865,70.0,112.22,47.68,52.32,42.22,4.64,-31.22,6.36
1948,37.0,48.0,11.0,1,0,189,303,21969170,24105695,46074865,70.0,112.22,47.68,52.32,42.22,4.64,-31.22,6.36
1948,37.0,48.0,11.0,1,0,189,303,21969170,24105695,46074865,70.0,112.22,47.68,52.32,42.22,4.64,-31.22,6.36
1948,36.0,49.0,13.0,1,0,189,303,21969170,24105695,46074865,70.0,112.22,47.68,52.32,42.22,4.64,-29.22,8.36
1948,39.0,47.0,8.0,1,0,189,303,21969170,24105695,46074865,70.0,112.22,47.68,52.32,42.22,4.64,-34.22,3.36
1948,39.0,47.0,8.0,1,0,189,303,21969170,24105695,46074865,70.0,112.22,47.68,52.32,42.22,4.64,-34.22,3.36
1948,40.0,46.0,6.0,1,0,189,303,21969170,24105695,46074865,70.0,112.22,47.68,52.32,42.22,4.64,-36.22,1.36
1948,45.0,50.0,5.0,1,0,189,303,21969170,24105695,46074865,70.0,112.22,47.68,52.32,42.22,4.64,-37.22,0.36
1952,31.0,59.0,28.0,1,1,442,89,33778963,27314992,61093955,163.7,32.96,55.29,44.71,130.74,10.58,-102.74,17.42
1952,43.0,50.0,7.0,1,1,442,89,33778963,27314992,61093955,163.7,32.96,55.29,44.71,130.74,10.58,-123.74,-3.58
1952,40.0,55.0,15.0,1,1,442,89,33778963,27314992,61093955,163.7,32.96,55.29,44.71,130.74,10.58,-115.74,4.42
1952,41.0,55.0,14.0,1,1,442,89,33778963,27314992,61093955,163.7,32.96,55.29,44.71,130.74,10.58,-116.74,3.42
1952,41.0,53.0,12.0,1,1,442,89,33778963,27314992,61093955,163.7,32.96,55.29,44.71,130.74,10.58,-118.74,1.42
1952,38.0,51.0,13.0,1,1,442,89,33778963,27314992,61093955,163.7,32.96,55.29,44.71,130.74,10.58,-117.74,2.42
1952,39.0,48.0,9.0,1,1,442,89,33778963,27314992,61093955,163.7,32.96,55.29,44.71,130.74,10.58,-121.74,-1.58
1952,39.0,48.0,9.0,1,1,442,89,33778963,27314992,61093955,163.7,32.96,55.29,44.71,130.74,10.58,-121.74,-1.58
1952,49.0,51.0,2.0,1,1,442,89,33778963,27314992,61093955,163.7,32.96,55.29,44.71,130.74,10.58,-128.74,-8.58
1956,35.0,61.0,26.0,1,1,457,73,35581003,25738765,61319768,169.26,27.04,58.03,41.97,142.22,16.06,-116.22,9.94
1956,33.0,63.0,30.0,1,1,457,73,35581003,25738765,61319768,169.26,27.04,58.03,41.97,142.22,16.06,-112.22,13.94
1956,37.0,61.0,24.0,1,1,457,73,35581003,25738765,61319768,169.26,27.04,58.03,41.97,142.22,16.06,-118.22,7.94
1956,33.0,62.0,29.0,1,1,457,73,35581003,25738765,61319768,169.26,27.04,58.03,41.97,142.22,16.06,-113.22,12.94
1956,35.0,62.0,27.0,1,1,457,73,35581003,25738765,61319768,169.26,27.04,58.03,41.97,142.22,16.06,-115.22,10.94
1956,35.0,62.0,27.0,1,1,457,73,35581003,25738765,61319768,169.26,27.04,58.03,41.97,142.22,16.06,-115.22,10.94
1956,37.0,61.0,24.0,1,1,457,73,35581003,25738765,61319768,169.26,27.04,58.03,41.97,142.22,16.06,-118.22,7.94
1956,41.0,52.0,11.0,1,1,457,73,35581003,25738765,61319768,169.26,27.04,58.03,41.97,142.22,16.06,-131.22,-5.06
1956,41.0,52.0,11.0,1,1,457,73,35581003,25738765,61319768,169.26,27.04,58.03,41.97,142.22,16.06,-131.22,-5.06
1956,40.0,52.0,12.0,1,1,457,73,35581003,25738765,61319768,169.26,27.04,58.03,41.97,142.22,16.06,-130.22,-4.06
1956,41.0,51.0,10.0,1,1,457,73,35581003,25738765,61319768,169.26,27.04,58.03,41.97,142.22,16.06,-132.22,-6.06
1956,40.0,59.0,19.0,1,1,457,73,35581003,25738765,61319768,169.26,27.04,58.03,41.97,142.22,16.06,-123.22,2.94
1960,43.0,48.0,5.0,1,0,219,303,34107646,34227096,68334742,81.11,112.22,49.91,50.09,31.11,0.18,-26.11,4.82
1960,48.0,48.0,0.0,0,0,219,303,34107646,34227096,68334742,81.11,112.22,49.91,50.09,31.11,0.18,-31.11,-0.18
1960,50.0,45.0,5.0,0,0,219,303,34107646,34227096,68334742,81.11,112.22,49.91,50.09,31.11,0.18,-26.11,4.82
1960,51.0,44.0,7.0,0,0,219,303,34107646,34227096,68334742,81.11,112.22,49.91,50.09,31.11,0.18,-24.11,6.82
1960,48.0,47.0,1.0,0,0,219,303,34107646,34227096,68334742,81.11,112.22,49.91,50.09,31.11,0.18,-30.11,0.82
1960,47.0,49.0,2.0,1,0,219,303,34107646,34227096,68334742,81.11,112.22,49.91,50.09,31.11,0.18,-29.11,1.82
1960,50.0,46.0,4.0,0,0,219,303,34107646,34227096,68334742,81.11,112.22,49.91,50.09,31.11,0.18,-27.11,3.82
1960,44.0,50.0,6.0,1,0,219,303,34107646,34227096,68334742,81.11,112.22,49.91,50.09,31.11,0.18,-25.11,5.82
1960,47.0,47.0,0.0,0,0,219,303,34107646,34227096,68334742,81.11,112.22,49.91,50.09,31.11,0.18,-31.11,-0.18
1960,48.0,47.0,1.0,0,0,219,303,34107646,34227096,68334742,81.11,112.22,49.91,50.09,31.11,0.18,-30.11,0.82
1960,46.0,47.0,1.0,1,0,219,303,34107646,34227096,68334742,81.11,112.22,49.91,50.09,31.11,0.18,-30.11,0.82
1960,49.0,46.0,3.0,0,0,219,303,34107646,34227096,68334742,81.11,112.22,49.91,50.09,31.11,0.18,-28.11,2.82
1960,49.0,45.0,4.0,0,0,219,303,34107646,34227096,68334742,81.11,112.22,49.91,50.09,31.11,0.18,-27.11,3.82
1960,51.0,49.0,2.0,0,0,219,303,34107646,34227096,68334742,81.11,112.22,49.91,50.09,31.11,0.18,-29.11,1.82
1964,77.0,18.0,59.0,0,0,52,486,27146969,42825463,69972432,19.26,180.0,38.8,61.2,160.74,22.4,-101.74,36.6
1964,76.0,20.0,56.0,0,0,52,486,27146969,42825463,69972432,19.26,180.0,38.8,61.2,160.74,22.4,-104.74,33.6
1964,62.0,26.0,36.0,0,0,52,486,27146969,42825463,69972432,19.26,180.0,38.8,61.2,160.74,22.4,-124.74,13.6
1964,59.0,31.0,28.0,0,0,52,486,27146969,42825463,69972432,19.26,180.0,38.8,61.2,160.74,22.4,-132.74,5.6
1964,65.0,29.0,36.0,0,0,52,486,27146969,42825463,69972432,19.26,180.0,38.8,61.2,160.74,22.4,-124.74,13.6
1964,65.0,29.0,36.0,0,0,52,486,27146969,42825463,69972432,19.26,180.0,38.8,61.2,160.74,22.4,-124.74,13.6
1964,62.0,32.0,30.0,0,0,52,486,27146969,42825463,69972432,19.26,180.0,38.8,61.2,160.74,22.4,-130.74,7.6
1964,64.0,29.0,35.0,0,0,52,486,27146969,42825463,69972432,19.26,180.0,38.8,61.2,160.74,22.4,-125.74,12.6
1964,64.0,36.0,28.0,0,0,52,486,27146969,42825463,69972432,19.26,180.0,38.8,61.2,160.74,22.4,-132.74,5.6
1968,34.0,43.0,9.0,1,1,301,191,31710470,30898055,62608525,111.48,70.74,50.65,49.35,40.74,1.3,-31.74,7.7
1968,36.0,39.0,3.0,1,1,301,191,31710470,30898055,62608525,111.48,70.74,50.65,49.35,40.74,1.3,-37.74,1.7
1968,42.0,36.0,6.0,0,1,301,191,31710470,30898055,62608525,111.48,70.74,50.65,49.35,40.74,1.3,-34.74,4.7
1968,42.0,37.0,5.0,0,1,301,191,31710470,30898055,62608525,111.48,70.74,50.65,49.35,40.74,1.3,-35.74,3.7
1968,40.0,35.0,5.0,0,1,301,191,31710470,30898055,62608525,111.48,70.74,50.65,49.35,40.74,1.3,-35.74,3.7
1968,38.0,40.0,2.0,1,1,301,191,31710470,30898055,62608525,111.48,70.74,50.65,49.35,40.74,1.3,-38.74,0.7
1968,29.0,45.0,16.0,1,1,301,191,31710470,30898055,62608525,111.48,70.74,50.65,49.35,40.74,1.3,-24.74,14.7
1968,31.0,43.0,12.0,1,1,301,191,31710470,30898055,62608525,111.48,70.74,50.65,49.35,40.74,1.3,-28.74,10.7
1968,28.0,43.0,15.0,1,1,301,191,31710470,30898055,62608525,111.48,70.74,50.65,49.35,40.74,1.3,-25.74,13.7
1968,29.0,44.0,15.0,1,1,301,191,31710470,30898055,62608525,111.48,70.74,50.65,49.35,40.74,1.3,-25.74,13.7
1968,36.0,44.0,8.0,1,1,301,191,31710470,30898055,62608525,111.48,70.74,50.65,49.35,40.74,1.3,-32.74,6.7
1968,42.0,43.0,1.0,1,1,301,191,31710470,30898055,62608525,111.48,70.74,50.65,49.35,40.74,1.3,-39.74,-0.3
1972,34.0,53.0,19.0,1,1,520,17,46740323,28901598,75641921,192.59,6.3,61.79,38.21,186.29,23.58,-167.29,-4.58
1972,37.0,53.0,16.0,1,1,520,17,46740323,28901598,75641921,192.59,6.3,61.79,38.21,186.29,23.58,-170.29,-7.58
1972,37.0,56.0,19.0,1,1,520,17,46740323,28901598,75641921,192.59,6.3,61.79,38.21,186.29,23.58,-167.29,-4.58
1972,31.0,57.0,26.0,1,1,520,17,46740323,28901598,75641921,192.59,6.3,61.79,38.21,186.29,23.58,-160.29,2.42
1972,30.0,64.0,34.0,1,1,520,17,46740323,28901598,75641921,192.59,6.3,61.79,38.21,186.29,23.58,-152.29,10.42
1972,33.0,61.0,28.0,1,1,520,17,46740323,28901598,75641921,192.59,6.3,61.79,38.21,186.29,23.58,-158.29,4.42
1972,34.0,60.0,26.0,1,1,520,17,46740323,28901598,75641921,192.59,6.3,61.79,38.21,186.29,23.58,-160.29,2.42
1972,36.0,59.0,23.0,1,1,520,17,46740323,28901598,75641921,192.59,6.3,61.79,38.21,186.29,23.58,-163.29,-0.58
1972,38.0,62.0,24.0,1,1,520,17,46740323,28901598,75641921,192.59,6.3,61.79,38.21,186.29,23.58,-162.29,0.42
1976,47.0,42.0,5.0,0,0,240,297,39147770,40825839,79973609,88.89,110.0,48.95,51.05,21.11,2.1,-16.11,2.9
1976,48.0,46.0,2.0,0,0,240,297,39147770,40825839,79973609,88.89,110.0,48.95,51.05,21.11,2.1,-19.11,-0.1
1976,48.0,46.0,2.0,0,0,240,297,39147770,40825839,79973609,88.89,110.0,48.95,51.05,21.11,2.1,-19.11,-0.1
1976,48.0,43.0,5.0,0,0,240,297,39147770,40825839,79973609,88.89,110.0,48.95,51.05,21.11,2.1,-16.11,2.9
1976,52.0,42.0,10.0,0,0,240,297,39147770,40825839,79973609,88.89,110.0,48.95,51.05,21.11,2.1,-11.11,7.9
1976,53.0,40.0,13.0,0,0,240,297,39147770,40825839,79973609,88.89,110.0,48.95,51.05,21.11,2.1,-8.11,10.9
1976,55.0,37.0,18.0,0,0,240,297,39147770,40825839,79973609,88.89,110.0,48.95,51.05,21.11,2.1,-3.11,15.9
1976,53.0,36.0,17.0,0,0,240,297,39147770,40825839,79973609,88.89,110.0,48.95,51.05,21.11,2.1,-4.11,14.9
1976,62.0,29.0,33.0,0,0,240,297,39147770,40825839,79973609,88.89,110.0,48.95,51.05,21.11,2.1,11.89,30.9
1976,54.0,32.0,22.0,0,0,240,297,39147770,40825839,79973609,88.89,110.0,48.95,51.05,21.11,2.1,0.89,19.9
1976,51.0,36.0,15.0,0,0,240,297,39147770,40825839,79973609,88.89,110.0,48.95,51.05,21.11,2.1,-6.11,12.9
1976,51.0,40.0,11.0,0,0,240,297,39147770,40825839,79973609,88.89,110.0,48.95,51.05,21.11,2.1,-10.11,8.9
1976,47.0,45.0,2.0,0,0,240,297,39147770,40825839,79973609,88.89,110.0,48.95,51.05,21.11,2.1,-19.11,-0.1
1976,47.0,41.0,6.0,0,0,240,297,39147770,40825839,79973609,88.89,110.0,48.95,51.05,21.11,2.1,-15.11,3.9
1976,48.0,49.0,1.0,1,0,240,297,39147770,40825839,79973609,88.89,110.0,48.95,51.05,21.11,2.1,-20.11,-1.1
1980,62.0,33.0,29.0,0,1,489,49,43901812,35483820,79385632,181.11,18.15,55.3,44.7,162.96,10.6,-133.96,18.4
1980,60.0,31.0,29.0,0,1,489,49,43901812,35483820,79385632,181.11,18.15,55.3,44.7,162.96,10.6,-133.96,18.4
1980,58.0,33.0,25.0,0,1,489,49,43901812,35483820,79385632,181.11,18.15,55.3,44.7,162.96,10.6,-137.96,14.4
1980,40.0,34.0,6.0,0,1,489,49,43901812,35483820,79385632,181.11,18.15,55.3,44.7,162.96,10.6,-156.96,-4.6
1980,41.0,34.0,7.0,0,1,489,49,43901812,35483820,79385632,181.11,18.15,55.3,44.7,162.96,10.6,-155.96,-3.6
1980,38.0,32.0,6.0,0,1,489,49,43901812,35483820,79385632,181.11,18.15,55.3,44.7,162.96,10.6,-156.96,-4.6
1980,40.0,32.0,8.0,0,1,489,49,43901812,35483820,79385632,181.11,18.15,55.3,44.7,162.96,10.6,-154.96,-2.6
1980,39.0,32.0,7.0,0,1,489,49,43901812,35483820,79385632,181.11,18.15,55.3,44.7,162.96,10.6,-155.96,-3.6
1980,35.0,33.0,2.0,0,1,489,49,43901812,35483820,79385632,181.11,18.15,55.3,44.7,162.96,10.6,-160.96,-8.6
1980,32.0,37.0,5.0,1,1,489,49,43901812,35483820,79385632,181.11,18.15,55.3,44.7,162.96,10.6,-157.96,-5.6
1980,34.0,37.0,3.0,1,1,489,49,43901812,35483820,79385632,181.11,18.15,55.3,44.7,162.96,10.6,-159.96,-7.6
1980,29.0,45.0,16.0,1,1,489,49,43901812,35483820,79385632,181.11,18.15,55.3,44.7,162.96,10.6,-146.96,5.4
1980,39.0,38.0,1.0,0,1,489,49,43901812,35483820,79385632,181.11,18.15,55.3,44.7,162.96,10.6,-161.96,-9.6
1980,39.0,39.0,0.0,0,1,489,49,43901812,35483820,79385632,181.11,18.15,55.3,44.7,162.96,10.6,-162.96,-10.6
1980,44.0,40.0,4.0,0,1,489,49,43901812,35483820,79385632,181.11,18.15,55.3,44.7,162.96,10.6,-158.96,-6.6
1980,45.0,39.0,6.0,0,1,489,49,43901812,35483820,79385632,181.11,18.15,55.3,44.7,162.96,10.6,-156.96,-4.6
1980,44.0,47.0,3.0,1,1,489,49,43901812,35483820,79385632,181.11,18.15,55.3,44.7,162.96,10.6,-159.96,-7.6
1984,47.0,48.0,1.0,1,1,525,13,54455075,37577185,92032260,194.44,4.81,59.17,40.83,189.63,18.34,-188.63,-17.34
1984,43.0,53.0,10.0,1,1,525,13,54455075,37577185,92032260,194.44,4.81,59.17,40.83,189.63,18.34,-179.63,-8.34
1984,42.0,52.0,10.0,1,1,525,13,54455075,37577185,92032260,194.44,4.81,59.17,40.83,189.63,18.34,-179.63,-8.34
1984,45.0,50.0,5.0,1,1,525,13,54455075,37577185,92032260,194.44,4.81,59.17,40.83,189.63,18.34,-184.63,-13.34
1984,44.0,52.0,8.0,1,1,525,13,54455075,37577185,92032260,194.44,4.81,59.17,40.83,189.63,18.34,-181.63,-10.34
1984,41.0,54.0,13.0,1,1,525,13,54455075,37577185,92032260,194.44,4.81,59.17,40.83,189.63,18.34,-176.63,-5.34
1984,44.0,52.0,8.0,1,1,525,13,54455075,37577185,92032260,194.44,4.81,59.17,40.83,189.63,18.34,-181.63,-10.34
1984,46.0,50.0,4.0,1,1,525,13,54455075,37577185,92032260,194.44,4.81,59.17,40.83,189.63,18.34,-185.63,-14.34
1984,43.0,53.0,10.0,1,1,525,13,54455075,37577185,92032260,194.44,4.81,59.17,40.83,189.63,18.34,-179.63,-8.34
1984,44.0,53.0,9.0,1,1,525,13,54455075,37577185,92032260,194.44,4.81,59.17,40.83,189.63,18.34,-180.63,-9.34
1984,38.0,55.0,17.0,1,1,525,13,54455075,37577185,92032260,194.44,4.81,59.17,40.83,189.63,18.34,-172.63,-1.34
1984,43.0,51.0,8.0,1,1,525,13,54455075,37577185,92032260,194.44,4.81,59.17,40.83,189.63,18.34,-181.63,-10.34
1984,39.0,53.0,14.0,1,1,525,13,54455075,37577185,92032260,194.44,4.81,59.17,40.83,189.63,18.34,-175.63,-4.34
1984,41.0,53.0,12.0,1,1,525,13,54455075,37577185,92032260,194.44,4.81,59.17,40.83,189.63,18.34,-177.63,-6.34
1984,41.0,52.0,11.0,1,1,525,13,54455075,37577185,92032260,194.44,4.81,59.17,40.83,189.63,18.34,-178.63,-7.34
1984,37.0,56.0,19.0,1,1,525,13,54455075,37577185,92032260,194.44,4.81,59.17,40.83,189.63,18.34,-170.63,0.66
1984,37.0,58.0,21.0,1,1,525,13,54455075,37577185,92032260,194.44,4.81,59.17,40.83,189.63,18.34,-168.63,2.66
1984,39.0,55.0,16.0,1,1,525,13,54455075,37577185,92032260,194.44,4.81,59.17,40.83,189.63,18.34,-173.63,-2.34
1984,38.0,58.0,20.0,1,1,525,13,54455075,37577185,92032260,194.44,4.81,59.17,40.83,189.63,18.34,-169.63,1.66
1984,39.0,56.0,17.0,1,1,525,13,54455075,37577185,92032260,194.44,4.81,59.17,40.83,189.63,18.34,-172.63,-1.34
1984,41.0,59.0,18.0,1,1,525,13,54455075,37577185,92032260,194.44,4.81,59.17,40.83,189.63,18.34,-171.63,-0.34
1988,40.0,52.0,12.0,1,1,426,111,48886597,41809074,90695671,157.78,41.11,53.9,46.1,116.67,7.8,-104.67,4.2
1988,43.0,45.0,2.0,1,1,426,111,48886597,41809074,90695671,157.78,41.11,53.9,46.1,116.67,7.8,-114.67,-5.8
1988,54.0,38.0,16.0,0,1,426,111,48886597,41809074,90695671,157.78,41.11,53.9,46.1,116.67,7.8,-100.67,8.2
1988,52.0,38.0,14.0,0,1,426,111,48886597,41809074,90695671,157.78,41.11,53.9,46.1,116.67,7.8,-102.67,6.2
1988,46.0,41.0,5.0,0,1,426,111,48886597,41809074,90695671,157.78,41.11,53.9,46.1,116.67,7.8,-111.67,-2.8
1988,47.0,41.0,6.0,0,1,426,111,48886597,41809074,90695671,157.78,41.11,53.9,46.1,116.67,7.8,-110.67,-1.8
1988,54.0,37.0,17.0,0,1,426,111,48886597,41809074,90695671,157.78,41.11,53.9,46.1,116.67,7.8,-99.67,9.2
1988,49.0,42.0,7.0,0,1,426,111,48886597,41809074,90695671,157.78,41.11,53.9,46.1,116.67,7.8,-109.67,-0.8
1988,41.0,49.0,8.0,1,1,426,111,48886597,41809074,90695671,157.78,41.11,53.9,46.1,116.67,7.8,-108.67,0.2
1988,42.0,47.0,5.0,1,1,426,111,48886597,41809074,90695671,157.78,41.11,53.9,46.1,116.67,7.8,-111.67,-2.8
1988,40.0,50.0,10.0,1,1,426,111,48886597,41809074,90695671,157.78,41.11,53.9,46.1,116.67,7.8,-106.67,2.2
1988,44.0,56.0,12.0,1,1,426,111,48886597,41809074,90695671,157.78,41.11,53.9,46.1,116.67,7.8,-104.67,4.2
1992,25.0,44.0,19.0,1,0,168,370,39104545,44909889,84014434,62.22,137.04,46.55,53.45,74.82,6.9,-55.82,12.1
1992,26.0,41.0,15.0,1,0,168,370,39104545,44909889,84014434,62.22,137.04,46.55,53.45,74.82,6.9,-59.82,8.1
1992,29.0,35.0,6.0,1,0,168,370,39104545,44909889,84014434,62.22,137.04,46.55,53.45,74.82,6.9,-68.82,-0.9
1992,25.0,35.0,10.0,1,0,168,370,39104545,44909889,84014434,62.22,137.04,46.55,53.45,74.82,6.9,-64.82,3.1
1992,26.0,30.0,4.0,1,0,168,370,39104545,44909889,84014434,62.22,137.04,46.55,53.45,74.82,6.9,-70.82,-2.9
1992,25.0,31.0,6.0,1,0,168,370,39104545,44909889,84014434,62.22,137.04,46.55,53.45,74.82,6.9,-68.82,-0.9
1992,24.0,24.0,0.0,0,0,168,370,39104545,44909889,84014434,62.22,137.04,46.55,53.45,74.82,6.9,-74.82,-6.9
1992,24.0,32.0,8.0,1,0,168,370,39104545,44909889,84014434,62.22,137.04,46.55,53.45,74.82,6.9,-66.82,1.1
1992,27.0,33.0,6.0,1,0,168,370,39104545,44909889,84014434,62.22,137.04,46.55,53.45,74.82,6.9,-68.82,-0.9
1992,40.0,48.0,8.0,1,0,168,370,39104545,44909889,84014434,62.22,137.04,46.55,53.45,74.82,6.9,-66.82,1.1
1992,56.0,34.0,22.0,0,0,168,370,39104545,44909889,84014434,62.22,137.04,46.55,53.45,74.82,6.9,-52.82,15.1
1992,56.0,36.0,20.0,0,0,168,370,39104545,44909889,84014434,62.22,137.04,46.55,53.45,74.82,6.9,-54.82,13.1
1992,57.0,32.0,25.0,0,0,168,370,39104545,44909889,84014434,62.22,137.04,46.55,53.45,74.82,6.9,-49.82,18.1
1992,56.0,37.0,19.0,0,0,168,370,39104545,44909889,84014434,62.22,137.04,46.55,53.45,74.82,6.9,-55.82,12.1
1992,50.0,39.0,11.0,0,0,168,370,39104545,44909889,84014434,62.22,137.04,46.55,53.45,74.82,6.9,-63.82,4.1
1992,52.0,42.0,10.0,0,0,168,370,39104545,44909889,84014434,62.22,137.04,46.55,53.45,74.82,6.9,-64.82,3.1
1992,54.0,39.0,15.0,0,0,168,370,39104545,44909889,84014434,62.22,137.04,46.55,53.45,74.82,6.9,-59.82,8.1
1992,51.0,42.0,9.0,0,0,168,370,39104545,44909889,84014434,62.22,137.04,46.55,53.45,74.82,6.9,-65.82,2.1
1992,50.0,40.0,10.0,0,0,168,370,39104545,44909889,84014434,62.22,137.04,46.55,53.45,74.82,6.9,-64.82,3.1
1992,54.0,38.0,16.0,0,0,168,370,39104545,44909889,84014434,62.22,137.04,46.55,53.45,74.82,6.9,-58.82,9.1
1992,51.0,35.0,16.0,0,0,168,370,39104545,44909889,84014434,62.22,137.04,46.55,53.45,74.82,6.9,-58.82,9.1
1992,47.0,35.0,12.0,0,0,168,370,39104545,44909889,84014434,62.22,137.04,46.55,53.45,74.82,6.9,-62.82,5.1
1992,50.0,34.0,16.0,0,0,168,370,39104545,44909889,84014434,62.22,137.04,46.55,53.45,74.82,6.9,-58.82,9.1
1992,51.0,33.0,18.0,0,0,168,370,39104545,44909889,84014434,62.22,137.04,46.55,53.45,74.82,6.9,-56.82,11.1
1992,46.0,34.0,12.0,0,0,168,370,39104545,44909889,84014434,62.22,137.04,46.55,53.45,74.82,6.9,-62.82,5.1
1992,47.0,34.0,13.0,0,0,168,370,39104545,44909889,84014434,62.22,137.04,46.55,53.45,74.82,6.9,-61.82,6.1
1992,47.0,29.0,18.0,0,0,168,370,39104545,44909889,84014434,62.22,137.04,46.55,53.45,74.82,6.9,-56.82,11.1
1992,44.0,32.0,12.0,0,0,168,370,39104545,44909889,84014434,62.22,137.04,46.55,53.45,74.82,6.9,-62.82,5.1
1992,41.0,30.0,11.0,0,0,168,370,39104545,44909889,84014434,62.22,137.04,46.55,53.45,74.82,6.9,-63.82,4.1
1992,42.0,31.0,11.0,0,0,168,370,39104545,44909889,84014434,62.22,137.04,46.55,53.45,74.82,6.9,-63.82,4.1
1992,40.0,38.0,2.0,0,0,168,370,39104545,44909889,84014434,62.22,137.04,46.55,53.45,74.82,6.9,-72.82,-4.9
1992,41.0,40.0,1.0,0,0,168,370,39104545,44909889,84014434,62.22,137.04,46.55,53.45,74.82,6.9,-73.82,-5.9
1992,43.0,36.0,7.0,0,0,168,370,39104545,44909889,84014434,62.22,137.04,46.55,53.45,74.82,6.9,-67.82,0.1
1992,49.0,37.0,12.0,0,0,168,370,39104545,44909889,84014434,62.22,137.04,46.55,53.45,74.82,6.9,-62.82,5.1
1996,43.0,39.0,4.0,0,0,159,379,39198755,47402357,86601112,58.89,140.37,45.26,54.74,81.48,9.48,-77.48,-5.48
1996,47.0,34.0,13.0,0,0,159,379,39198755,47402357,86601112,58.89,140.37,45.26,54.74,81.48,9.48,-68.48,3.52
1996,49.0,35.0,14.0,0,0,159,379,39198755,47402357,86601112,58.89,140.37,45.26,54.74,81.48,9.48,-67.48,4.52
1996,47.0,32.0,15.0,0,0,159,379,39198755,47402357,86601112,58.89,140.37,45.26,54.74,81.48,9.48,-66.48,5.52
1996,49.0,35.0,14.0,0,0,159,379,39198755,47402357,86601112,58.89,140.37,45.26,54.74,81.48,9.48,-67.48,4.52
1996,49.0,33.0,16.0,0,0,159,379,39198755,47402357,86601112,58.89,140.37,45.26,54.74,81.48,9.48,-65.48,6.52
1996,50.0,33.0,17.0,0,0,159,379,39198755,47402357,86601112,58.89,140.37,45.26,54.74,81.48,9.48,-64.48,7.52
1996,50.0,35.0,15.0,0,0,159,379,39198755,47402357,86601112,58.89,140.37,45.26,54.74,81.48,9.48,-66.48,5.52
1996,52.0,30.0,22.0,0,0,159,379,39198755,47402357,86601112,58.89,140.37,45.26,54.74,81.48,9.48,-59.48,12.52
1996,48.0,39.0,9.0,0,0,159,379,39198755,47402357,86601112,58.89,140.37,45.26,54.74,81.48,9.48,-72.48,-0.48
1996,50.0,38.0,12.0,0,0,159,379,39198755,47402357,86601112,58.89,140.37,45.26,54.74,81.48,9.48,-69.48,2.52
1996,51.0,38.0,13.0,0,0,159,379,39198755,47402357,86601112,58.89,140.37,45.26,54.74,81.48,9.48,-68.48,3.52
1996,55.0,34.0,21.0,0,0,159,379,39198755,47402357,86601112,58.89,140.37,45.26,54.74,81.48,9.48,-60.48,11.52
1996,53.0,36.0,17.0,0,0,159,379,39198755,47402357,86601112,58.89,140.37,45.26,54.74,81.48,9.48,-64.48,7.52
1996,54.0,36.0,18.0,0,0,159,379,39198755,47402357,86601112,58.89,140.37,45.26,54.74,81.48,9.48,-63.48,8.52
1996,55.0,34.0,21.0,0,0,159,379,39198755,47402357,86601112,58.89,140.37,45.26,54.74,81.48,9.48,-60.48,11.52
1996,55.0,34.0,21.0,0,0,159,379,39198755,47402357,86601112,58.89,140.37,45.26,54.74,81.48,9.48,-60.48,11.52
1996,55.0,32.0,23.0,0,0,159,379,39198755,47402357,86601112,58.89,140.37,45.26,54.74,81.48,9.48,-58.48,13.52
1996,51.0,34.0,17.0,0,0,159,379,39198755,47402357,86601112,58.89,140.37,45.26,54.74,81.48,9.48,-64.48,7.52
1996,50.0,36.0,14.0,0,0,159,379,39198755,47402357,86601112,58.89,140.37,45.26,54.74,81.48,9.48,-67.48,4.52
1996,52.0,36.0,16.0,0,0,159,379,39198755,47402357,86601112,58.89,140.37,45.26,54.74,81.48,9.48,-65.48,6.52
1996,53.0,34.0,19.0,0,0,159,379,39198755,47402357,86601112,58.89,140.37,45.26,54.74,81.48,9.48,-62.48,9.52
1996,51.0,38.0,13.0,0,0,159,379,39198755,47402357,86601112,58.89,140.37,45.26,54.74,81.48,9.48,-68.48,3.52
1996,49.0,39.0,10.0,0,0,159,379,39198755,47402357,86601112,58.89,140.37,45.26,54.74,81.48,9.48,-71.48,0.52
1996,51.0,37.0,14.0,0,0,159,379,39198755,47402357,86601112,58.89,140.37,45.26,54.74,81.48,9.48,-67.48,4.52
1996,57.0,32.0,25.0,0,0,159,379,39198755,47402357,86601112,58.89,140.37,45.26,54.74,81.48,9.48,-56.48,15.52
1996,53.0,36.0,17.0,0,0,159,379,39198755,47402357,86601112,58.89,140.37,45.26,54.74,81.48,9.48,-64.48,7.52
1996,51.0,39.0,12.0,0,0,159,379,39198755,47402357,86601112,58.89,140.37,45.26,54.74,81.48,9.48,-69.48,2.52
1996,55.0,35.0,20.0,0,0,159,379,39198755,47402357,86601112,58.89,140.37,45.26,54.74,81.48,9.48,-61.48,10.52
1996,55.0,34.0,21.0,0,0,159,379,39198755,47402357,86601112,58.89,140.37,45.26,54.74,81.48,9.48,-60.48,11.52
1996,51.0,38.0,13.0,0,0,159,379,39198755,47402357,86601112,58.89,140.37,45.26,54.74,81.48,9.48,-68.48,3.52
1996,56.0,35.0,21.0,0,0,159,379,39198755,47402357,86601112,58.89,140.37,45.26,54.74,81.48,9.48,-60.48,11.52
1996,48.0,39.0,9.0,0,0,159,379,39198755,47402357,86601112,58.89,140.37,45.26,54.74,81.48,9.48,-72.48,-0.48
1996,51.0,36.0,15.0,0,0,159,379,39198755,47402357,86601112,58.89,140.37,45.26,54.74,81.48,9.48,-66.48,5.52
1996,54.0,35.0,19.0,0,0,159,379,39198755,47402357,86601112,58.89,140.37,45.26,54.74,81.48,9.48,-62.48,9.52
1996,52.0,33.0,19.0,0,0,159,379,39198755,47402357,86601112,58.89,140.37,45.26,54.74,81.48,9.48,-62.48,9.52
1996,53.0,34.0,19.0,0,0,159,379,39198755,47402357,86601112,58.89,140.37,45.26,54.74,81.48,9.48,-62.48,9.52
1996,54.0,34.0,20.0,0,0,159,379,39198755,47402357,86601112,58.89,140.37,45.26,54.74,81.48,9.48,-61.48,10.52
1996,49.0,37.0,12.0,0,0,159,379,39198755,47402357,86601112,58.89,140.37,45.26,54.74,81.48,9.48,-69.48,2.52
1996,51.0,35.0,16.0,0,0,159,379,39198755,47402357,86601112,58.89,140.37,45.26,54.74,81.48,9.48,-65.48,6.52
1996,50.0,37.0,13.0,0,0,159,379,39198755,47402357,86601112,58.89,140.37,45.26,54.74,81.48,9.48,-68.48,3.52
1996,52.0,41.0,11.0,0,0,159,379,39198755,47402357,86601112,58.89,140.37,45.26,54.74,81.48,9.48,-70.48,1.52
2000,41.0,47.0,6.0,1,1,271,266,50456062,50999897,101455959,100.37,98.52,49.73,50.27,1.85,0.54,4.15,5.46
2000,41.0,46.0,5.0,1,1,271,266,50456062,50999897,101455959,100.37,98.52,49.73,50.27,1.85,0.54,3.15,4.46
2000,38.0,50.0,12.0,1,1,271,266,50456062,50999897,101455959,100.37,98.52,49.73,50.27,1.85,0.54,10.15,11.46
2000,43.0,45.0,2.0,1,1,271,266,50456062,50999897,101455959,100.37,98.52,49.73,50.27,1.85,0.54,0.15,1.46
2000,39.0,50.0,11.0,1,1,271,266,50456062,50999897,101455959,100.37,98.52,49.73,50.27,1.85,0.54,9.15,10.46
2000,37.0,54.0,17.0,1,1,271,266,50456062,50999897,101455959,100.37,98.52,49.73,50.27,1.85,0.54,15.15,16.46
2000,39.0,55.0,16.0,1,1,271,266,50456062,50999897,101455959,100.37,98.52,49.73,50.27,1.85,0.54,14.15,15.46
2000,47.0,46.0,1.0,0,1,271,266,50456062,50999897,101455959,100.37,98.52,49.73,50.27,1.85,0.54,-0.85,0.46
2000,45.0,46.0,1.0,1,1,271,266,50456062,50999897,101455959,100.37,98.52,49.73,50.27,1.85,0.54,-0.85,0.46
2000,47.0,44.0,3.0,0,1,271,266,50456062,50999897,101455959,100.37,98.52,49.73,50.27,1.85,0.54,1.15,2.46
2000,45.0,46.0,1.0,1,1,271,266,50456062,50999897,101455959,100.37,98.52,49.73,50.27,1.85,0.54,-0.85,0.46
2000,49.0,42.0,7.0,0,1,271,266,50456062,50999897,101455959,100.37,98.52,49.73,50.27,1.85,0.54,5.15,6.46
2000,49.0,41.0,8.0,0,1,271,266,50456062,50999897,101455959,100.37,98.52,49.73,50.27,1.85,0.54,6.15,7.46
2000,49.0,42.0,7.0,0,1,271,266,50456062,50999897,101455959,100.37,98.52,49.73,50.27,1.85,0.54,5.15,6.46
2000,49.0,41.0,8.0,0,1,271,266,50456062,50999897,101455959,100.37,98.52,49.73,50.27,1.85,0.54,6.15,7.46
2000,48.0,44.0,4.0,0,1,271,266,50456062,50999897,101455959,100.37,98.52,49.73,50.27,1.85,0.54,2.15,3.46
2000,51.0,41.0,10.0,0,1,271,266,50456062,50999897,101455959,100.37,98.52,49.73,50.27,1.85,0.54,8.15,9.46
2000,50.0,42.0,8.0,0,1,271,266,50456062,50999897,101455959,100.37,98.52,49.73,50.27,1.85,0.54,6.15,7.46
2000,44.0,47.0,3.0,1,1,271,266,50456062,50999897,101455959,100.37,98.52,49.73,50.27,1.85,0.54,1.15,2.46
2000,44.0,46.0,2.0,1,1,271,266,50456062,50999897,101455959,100.37,98.52,49.73,50.27,1.85,0.54,0.15,1.46
2000,44.0,46.0,2.0,1,1,271,266,50456062,50999897,101455959,100.37,98.52,49.73,50.27,1.85,0.54,0.15,1.46
2000,45.0,45.0,0.0,0,1,271,266,50456062,50999897,101455959,100.37,98.52,49.73,50.27,1.85,0.54,-1.85,-0.54
2000,49.0,41.0,8.0,0,1,271,266,50456062,50999897,101455959,100.37,98.52,49.73,50.27,1.85,0.54,6.15,7.46
2000,51.0,40.0,11.0,0,1,271,266,50456062,50999897,101455959,100.37,98.52,49.73,50.27,1.85,0.54,9.15,10.46
2000,41.0,48.0,7.0,1,1,271,266,50456062,50999897,101455959,100.37,98.52,49.73,50.27,1.85,0.54,5.15,6.46
2000,42.0,50.0,8.0,1,1,271,266,50456062,50999897,101455959,100.37,98.52,49.73,50.27,1.85,0.54,6.15,7.46
2000,45.0,45.0,0.0,0,1,271,266,50456062,50999897,101455959,100.37,98.52,49.73,50.27,1.85,0.54,-1.85,-0.54
2000,45.0,45.0,0.0,0,1,271,266,50456062,50999897,101455959,100.37,98.52,49.73,50.27,1.85,0.54,-1.85,-0.54
2000,43.0,48.0,5.0,1,1,271,266,50456062,50999897,101455959,100.37,98.52,49.73,50.27,1.85,0.54,3.15,4.46
2000,44.0,47.0,3.0,1,1,271,266,50456062,50999897,101455959,100.37,98.52,49.73,50.27,1.85,0.54,1.15,2.46
2000,40.0,51.0,11.0,1,1,271,266,50456062,50999897,101455959,100.37,98.52,49.73,50.27,1.85,0.54,9.15,10.46
2000,46.0,44.0,2.0,0,1,271,266,50456062,50999897,101455959,100.37,98.52,49.73,50.27,1.85,0.54,0.15,1.46
2000,42.0,49.0,7.0,1,1,271,266,50456062,50999897,101455959,100.37,98.52,49.73,50.27,1.85,0.54,5.15,6.46
2000,39.0,52.0,13.0,1,1,271,266,50456062,50999897,101455959,100.37,98.52,49.73,50.27,1.85,0.54,11.15,12.46
2000,42.0,49.0,7.0,1,1,271,266,50456062,50999897,101455959,100.37,98.52,49.73,50.27,1.85,0.54,5.15,6.46
2000,44.0,47.0,3.0,1,1,271,266,50456062,50999897,101455959,100.37,98.52,49.73,50.27,1.85,0.54,1.15,2.46
2000,43.0,47.0,4.0,1,1,271,266,50456062,50999897,101455959,100.37,98.52,49.73,50.27,1.85,0.54,2.15,3.46
2000,43.0,47.0,4.0,1,1,271,266,50456062,50999897,101455959,100.37,98.52,49.73,50.27,1.85,0.54,2.15,3.46
2000,46.0,48.0,2.0,1,1,271,266,50456062,50999897,101455959,100.37,98.52,49.73,50.27,1.85,0.54,0.15,1.46
2004,50.0,44.0,6.0,0,1,286,251,62040610,59028444,121069054,105.93,92.96,51.24,48.76,12.97,2.48,-6.97,3.52
2004,45.0,49.0,4.0,1,1,286,251,62040610,59028444,121069054,105.93,92.96,51.24,48.76,12.97,2.48,-8.97,1.52
2004,43.0,47.0,4.0,1,1,286,251,62040610,59028444,121069054,105.93,92.96,51.24,48.76,12.97,2.48,-8.97,1.52
2004,44.0,50.0,6.0,1,1,286,251,62040610,59028444,121069054,105.93,92.96,51.24,48.76,12.97,2.48,-6.97,3.52
2004,47.0,47.0,0.0,0,1,286,251,62040610,59028444,121069054,105.93,92.96,51.24,48.76,12.97,2.48,-12.97,-2.48
2004,45.0,47.0,2.0,1,1,286,251,62040610,59028444,121069054,105.93,92.96,51.24,48.76,12.97,2.48,-10.97,-0.48
2004,47.0,46.0,1.0,0,1,286,251,62040610,59028444,121069054,105.93,92.96,51.24,48.76,12.97,2.48,-11.97,-1.48
2004,49.0,43.0,6.0,0,1,286,251,62040610,59028444,121069054,105.93,92.96,51.24,48.76,12.97,2.48,-6.97,3.52
2004,47.0,48.0,1.0,1,1,286,251,62040610,59028444,121069054,105.93,92.96,51.24,48.76,12.97,2.48,-11.97,-1.48
2004,50.0,45.0,5.0,0,1,286,251,62040610,59028444,121069054,105.93,92.96,51.24,48.76,12.97,2.48,-7.97,2.52
2004,47.0,46.0,1.0,0,1,286,251,62040610,59028444,121069054,105.93,92.96,51.24,48.76,12.97,2.48,-11.97,-1.48
2004,45.0,51.0,6.0,1,1,286,251,62040610,59028444,121069054,105.93,92.96,51.24,48.76,12.97,2.48,-6.97,3.52
2004,46.0,48.0,2.0,1,1,286,251,62040610,59028444,121069054,105.93,92.96,51.24,48.76,12.97,2.48,-10.97,-0.48
2004,46.0,48.0,2.0,1,1,286,251,62040610,59028444,121069054,105.93,92.96,51.24,48.76,12.97,2.48,-10.97,-0.48
2004,45.0,52.0,7.0,1,1,286,251,62040610,59028444,121069054,105.93,92.96,51.24,48.76,12.97,2.48,-5.97,4.52
2004,44.0,52.0,8.0,1,1,286,251,62040610,59028444,121069054,105.93,92.96,51.24,48.76,12.97,2.48,-4.97,5.52
2004,49.0,49.0,0.0,0,1,286,251,62040610,59028444,121069054,105.93,92.96,51.24,48.76,12.97,2.48,-12.97,-2.48
2004,49.0,48.0,1.0,0,1,286,251,62040610,59028444,121069054,105.93,92.96,51.24,48.76,12.97,2.48,-11.97,-1.48
2004,44.0,52.0,8.0,1,1,286,251,62040610,59028444,121069054,105.93,92.96,51.24,48.76,12.97,2.48,-4.97,5.52
2004,46.0,51.0,5.0,1,1,286,251,62040610,59028444,121069054,105.93,92.96,51.24,48.76,12.97,2.48,-7.97,2.52
2004,49.0,49.0,0.0,0,1,286,251,62040610,59028444,121069054,105.93,92.96,51.24,48.76,12.97,2.48,-12.97,-2.48
2008,46.0,44.0,2.0,0,0,173,365,59948323,69498516,129446839,64.07,135.19,46.31,53.69,71.12,7.38,-69.12,-5.38
2008,43.0,47.0,4.0,1,0,173,365,59948323,69498516,129446839,64.07,135.19,46.31,53.69,71.12,7.38,-67.12,-3.38
2008,46.0,43.0,3.0,0,0,173,365,59948323,69498516,129446839,64.07,135.19,46.31,53.69,71.12,7.38,-68.12,-4.38
2008,45.0,45.0,0.0,0,0,173,365,59948323,69498516,129446839,64.07,135.19,46.31,53.69,71.12,7.38,-71.12,-7.38
2008,42.0,48.0,6.0,1,0,173,365,59948323,69498516,129446839,64.07,135.19,46.31,53.69,71.12,7.38,-65.12,-1.38
2008,47.0,43.0,4.0,0,0,173,365,59948323,69498516,129446839,64.07,135.19,46.31,53.69,71.12,7.38,-67.12,-3.38
2008,44.0,47.0,3.0,1,0,173,365,59948323,69498516,129446839,64.07,135.19,46.31,53.69,71.12,7.38,-68.12,-4.38
2008,48.0,41.0,7.0,0,0,173,365,59948323,69498516,129446839,64.07,135.19,46.31,53.69,71.12,7.38,-64.12,-0.38
2008,45.0,45.0,0.0,0,0,173,365,59948323,69498516,129446839,64.07,135.19,46.31,53.69,71.12,7.38,-71.12,-7.38
2008,48.0,42.0,6.0,0,0,173,365,59948323,69498516,129446839,64.07,135.19,46.31,53.69,71.12,7.38,-65.12,-1.38
2008,45.0,44.0,1.0,0,0,173,365,59948323,69498516,129446839,64.07,135.19,46.31,53.69,71.12,7.38,-70.12,-6.38
2008,49.0,40.0,9.0,0,0,173,365,59948323,69498516,129446839,64.07,135.19,46.31,53.69,71.12,7.38,-62.12,1.62
2008,44.0,44.0,0.0,0,0,173,365,59948323,69498516,129446839,64.07,135.19,46.31,53.69,71.12,7.38,-71.12,-7.38
2008,48.0,42.0,6.0,0,0,173,365,59948323,69498516,129446839,64.07,135.19,46.31,53.69,71.12,7.38,-65.12,-1.38
2008,45.0,45.0,0.0,0,0,173,365,59948323,69498516,129446839,64.07,135.19,46.31,53.69,71.12,7.38,-71.12,-7.38
2008,50.0,42.0,8.0,0,0,173,365,59948323,69498516,129446839,64.07,135.19,46.31,53.69,71.12,7.38,-63.12,0.62
2008,44.0,49.0,5.0,1,0,173,365,59948323,69498516,129446839,64.07,135.19,46.31,53.69,71.12,7.38,-66.12,-2.38
2008,50.0,44.0,6.0,0,0,173,365,59948323,69498516,129446839,64.07,135.19,46.31,53.69,71.12,7.38,-65.12,-1.38
2008,46.0,46.0,0.0,0,0,173,365,59948323,69498516,129446839,64.07,135.19,46.31,53.69,71.12,7.38,-71.12,-7.38
2008,52.0,41.0,11.0,0,0,173,365,59948323,69498516,129446839,64.07,135.19,46.31,53.69,71.12,7.38,-60.12,3.62
2008,49.0,43.0,6.0,0,0,173,365,59948323,69498516,129446839,64.07,135.19,46.31,53.69,71.12,7.38,-65.12,-1.38
2008,52.0,42.0,10.0,0,0,173,365,59948323,69498516,129446839,64.07,135.19,46.31,53.69,71.12,7.38,-61.12,2.62
2008,53.0,40.0,13.0,0,0,173,365,59948323,69498516,129446839,64.07,135.19,46.31,53.69,71.12,7.38,-58.12,5.62
2008,53.0,42.0,11.0,0,0,173,365,59948323,69498516,129446839,64.07,135.19,46.31,53.69,71.12,7.38,-60.12,3.62
2012,48.0,44.0,4.0,0,0,206,332,60933504,65915795,126849299,76.3,122.96,48.04,51.96,46.66,3.92,-42.66,0.08
2012,49.0,43.0,6.0,0,0,206,332,60933504,65915795,126849299,76.3,122.96,48.04,51.96,46.66,3.92,-40.66,2.08
2012,49.0,44.0,5.0,0,0,206,332,60933504,65915795,126849299,76.3,122.96,48.04,51.96,46.66,3.92,-41.66,1.08
2012,47.0,45.0,2.0,0,0,206,332,60933504,65915795,126849299,76.3,122.96,48.04,51.96,46.66,3.92,-44.66,-1.92
2012,48.0,44.0,4.0,0,0,206,332,60933504,65915795,126849299,76.3,122.96,48.04,51.96,46.66,3.92,-42.66,0.08
2012,48.0,43.0,5.0,0,0,206,332,60933504,65915795,126849299,76.3,122.96,48.04,51.96,46.66,3.92,-41.66,1.08
2012,49.0,43.0,6.0,0,0,206,332,60933504,65915795,126849299,76.3,122.96,48.04,51.96,46.66,3.92,-40.66,2.08
2012,47.0,44.0,3.0,0,0,206,332,60933504,65915795,126849299,76.3,122.96,48.04,51.96,46.66,3.92,-43.66,-0.92
2012,48.0,44.0,4.0,0,0,206,332,60933504,65915795,126849299,76.3,122.96,48.04,51.96,46.66,3.92,-42.66,0.08
2012,47.0,44.0,3.0,0,0,206,332,60933504,65915795,126849299,76.3,122.96,48.04,51.96,46.66,3.92,-43.66,-0.92
2012,46.0,46.0,0.0,0,0,206,332,60933504,65915795,126849299,76.3,122.96,48.04,51.96,46.66,3.92,-46.66,-3.92
2012,47.0,45.0,2.0,0,0,206,332,60933504,65915795,126849299,76.3,122.96,48.04,51.96,46.66,3.92,-44.66,-1.92
2012,46.0,44.0,2.0,0,0,206,332,60933504,65915795,126849299,76.3,122.96,48.04,51.96,46.66,3.92,-44.66,-1.92
2012,48.0,45.0,3.0,0,0,206,332,60933504,65915795,126849299,76.3,122.96,48.04,51.96,46.66,3.92,-43.66,-0.92
2012,46.0,45.0,1.0,0,0,206,332,60933504,65915795,126849299,76.3,122.96,48.04,51.96,46.66,3.92,-45.66,-2.92
2012,47.0,44.0,3.0,0,0,206,332,60933504,65915795,126849299,76.3,122.96,48.04,51.96,46.66,3.92,-43.66,-0.92
2012,46.0,45.0,1.0,0,0,206,332,60933504,65915795,126849299,76.3,122.96,48.04,51.96,46.66,3.92,-45.66,-2.92
2012,47.0,45.0,2.0,0,0,206,332,60933504,65915795,126849299,76.3,122.96,48.04,51.96,46.66,3.92,-44.66,-1.92
2012,46.0,45.0,1.0,0,0,206,332,60933504,65915795,126849299,76.3,122.96,48.04,51.96,46.66,3.92,-45.66,-2.92
2012,47.0,45.0,2.0,0,0,206,332,60933504,65915795,126849299,76.3,122.96,48.04,51.96,46.66,3.92,-44.66,-1.92
2012,48.0,44.0,4.0,0,0,206,332,60933504,65915795,126849299,76.3,122.96,48.04,51.96,46.66,3.92,-42.66,0.08
2012,47.0,45.0,2.0,0,0,206,332,60933504,65915795,126849299,76.3,122.96,48.04,51.96,46.66,3.92,-44.66,-1.92
2012,47.0,46.0,1.0,0,0,206,332,60933504,65915795,126849299,76.3,122.96,48.04,51.96,46.66,3.92,-45.66,-2.92
2012,47.0,47.0,0.0,0,0,206,332,60933504,65915795,126849299,76.3,122.96,48.04,51.96,46.66,3.92,-46.66,-3.92
2012,49.0,45.0,4.0,0,0,206,332,60933504,65915795,126849299,76.3,122.96,48.04,51.96,46.66,3.92,-42.66,0.08
2012,48.0,45.0,3.0,0,0,206,332,60933504,65915795,126849299,76.3,122.96,48.04,51.96,46.66,3.92,-43.66,-0.92
2012,49.0,45.0,4.0,0,0,206,332,60933504,65915795,126849299,76.3,122.96,48.04,51.96,46.66,3.92,-42.66,0.08
2012,49.0,46.0,3.0,0,0,206,332,60933504,65915795,126849299,76.3,122.96,48.04,51.96,46.66,3.92,-43.66,-0.92
2012,47.0,48.0,1.0,1,0,206,332,60933504,65915795,126849299,76.3,122.96,48.04,51.96,46.66,3.92,-45.66,-2.92
2012,47.0,47.0,0.0,0,0,206,332,60933504,65915795,126849299,76.3,122.96,48.04,51.96,46.66,3.92,-46.66,-3.92
2012,47.0,48.0,1.0,1,0,206,332,60933504,65915795,126849299,76.3,122.96,48.04,51.96,46.66,3.92,-45.66,-2.92
2012,49.0,48.0,1.0,0,0,206,332,60933504,65915795,126849299,76.3,122.96,48.04,51.96,46.66,3.92,-45.66,-2.92
2016,41.0,36.0,5.0,0,1,304,227,62984828,65853514,128838342,112.59,84.07,48.89,51.11,28.52,2.22,-23.52,2.78
2016,42.0,37.0,5.0,0,1,304,227,62984828,65853514,128838342,112.59,84.07,48.89,51.11,28.52,2.22,-23.52,2.78
2016,41.0,37.0,4.0,0,1,304,227,62984828,65853514,128838342,112.59,84.07,48.89,51.11,28.52,2.22,-24.52,1.78
2016,41.0,38.0,3.0,0,1,304,227,62984828,65853514,128838342,112.59,84.07,48.89,51.11,28.52,2.22,-25.52,0.78
2016,40.0,40.0,0.0,0,1,304,227,62984828,65853514,128838342,112.59,84.07,48.89,51.11,28.52,2.22,-28.52,-2.22
2016,42.0,38.0,4.0,0,1,304,227,62984828,65853514,128838342,112.59,84.07,48.89,51.11,28.52,2.22,-24.52,1.78
2016,44.0,36.0,8.0,0,1,304,227,62984828,65853514,128838342,112.59,84.07,48.89,51.11,28.52,2.22,-20.52,5.78
2016,44.0,37.0,7.0,0,1,304,227,62984828,65853514,128838342,112.59,84.07,48.89,51.11,28.52,2.22,-21.52,4.78
2016,42.0,37.0,5.0,0,1,304,227,62984828,65853514,128838342,112.59,84.07,48.89,51.11,28.52,2.22,-23.52,2.78
2016,42.0,38.0,4.0,0,1,304,227,62984828,65853514,128838342,112.59,84.07,48.89,51.11,28.52,2.22,-24.52,1.78
2016,41.0,39.0,2.0,0,1,304,227,62984828,65853514,128838342,112.59,84.07,48.89,51.11,28.52,2.22,-26.52,-0.22
2016,42.0,40.0,2.0,0,1,304,227,62984828,65853514,128838342,112.59,84.07,48.89,51.11,28.52,2.22,-26.52,-0.22
2016,41.0,40.0,1.0,0,1,304,227,62984828,65853514,128838342,112.59,84.07,48.89,51.11,28.52,2.22,-27.52,-1.22
2016,43.0,42.0,1.0,0,1,304,227,62984828,65853514,128838342,112.59,84.07,48.89,51.11,28.52,2.22,-27.52,-1.22
2016,44.0,41.0,3.0,0,1,304,227,62984828,65853514,128838342,112.59,84.07,48.89,51.11,28.52,2.22,-25.52,0.78
2016,44.0,39.0,5.0,0,1,304,227,62984828,65853514,128838342,112.59,84.07,48.89,51.11,28.52,2.22,-23.52,2.78
2016,46.0,39.0,7.0,0,1,304,227,62984828,65853514,128838342,112.59,84.07,48.89,51.11,28.52,2.22,-21.52,4.78
2016,45.0,40.0,5.0,0,1,304,227,62984828,65853514,128838342,112.59,84.07,48.89,51.11,28.52,2.22,-23.52,2.78
2016,45.0,43.0,2.0,0,1,304,227,62984828,65853514,128838342,112.59,84.07,48.89,51.11,28.52,2.22,-26.52,-0.22
2016,46.0,42.0,4.0,0,1,304,227,62984828,65853514,128838342,112.59,84.07,48.89,51.11,28.52,2.22,-24.52,1.78
2020,50.0,45.0,5.0,0,0,232,306,74216747,81268867,155485614,85.93,113.33,47.73,52.27,27.4,4.54,-22.4,0.46
2020,50.0,46.0,4.0,0,0,232,306,74216747,81268867,155485614,85.93,113.33,47.73,52.27,27.4,4.54,-23.4,-0.54
2020,50.0,44.0,6.0,0,0,232,306,74216747,81268867,155485614,85.93,113.33,47.73,52.27,27.4,4.54,-21.4,1.46
2020,51.0,44.0,7.0,0,0,232,306,74216747,81268867,155485614,85.93,113.33,47.73,52.27,27.4,4.54,-20.4,2.46
2020,50.0,44.0,6.0,0,0,232,306,74216747,81268867,155485614,85.93,113.33,47.73,52.27,27.4,4.54,-21.4,1.46
2020,47.0,42.0,5.0,0,0,232,306,74216747,81268867,155485614,85.93,113.33,47.73,52.27,27.4,4.54,-22.4,0.46
2020,48.0,42.0,6.0,0,0,232,306,74216747,81268867,155485614,85.93,113.33,47.73,52.27,27.4,4.54,-21.4,1.46
2020,47.0,43.0,4.0,0,0,232,306,74216747,81268867,155485614,85.93,113.33,47.73,52.27,27.4,4.54,-23.4,-0.54
2020,49.0,44.0,5.0,0,0,232,306,74216747,81268867,155485614,85.93,113.33,47.73,52.27,27.4,4.54,-22.4,0.46
2020,48.0,42.0,6.0,0,0,232,306,74216747,81268867,155485614,85.93,113.33,47.73,52.27,27.4,4.54,-21.4,1.46
2020,49.0,42.0,7.0,0,0,232,306,74216747,81268867,155485614,85.93,113.33,47.73,52.27,27.4,4.54,-20.4,2.46
2020,50.0,42.0,8.0,0,0,232,306,74216747,81268867,155485614,85.93,113.33,47.73,52.27,27.4,4.54,-19.4,3.46
2020,51.0,41.0,10.0,0,0,232,306,74216747,81268867,155485614,85.93,113.33,47.73,52.27,27.4,4.54,-17.4,5.46
2020,50.0,40.0,10.0,0,0,232,306,74216747,81268867,155485614,85.93,113.33,47.73,52.27,27.4,4.54,-17.4,5.46
2020,50.0,41.0,9.0,0,0,232,306,74216747,81268867,155485614,85.93,113.33,47.73,52.27,27.4,4.54,-18.4,4.46
2020,49.0,40.0,9.0,0,0,232,306,74216747,81268867,155485614,85.93,113.33,47.73,52.27,27.4,4.54,-18.4,4.46
2020,50.0,41.0,9.0,0,0,232,306,74216747,81268867,155485614,85.93,113.33,47.73,52.27,27.4,4.54,-18.4,4.46
2020,51.0,42.0,9.0,0,0,232,306,74216747,81268867,155485614,85.93,113.33,47.73,52.27,27.4,4.54,-18.4,4.46
2020,49.0,42.0,7.0,0,0,232,306,74216747,81268867,155485614,85.93,113.33,47.73,52.27,27.4,4.54,-20.4,2.46
2020,50.0,42.0,8.0,0,0,232,306,74216747,81268867,155485614,85.93,113.33,47.73,52.27,27.4,4.54,-19.4,3.46
2020,49.0,43.0,6.0,0,0,232,306,74216747,81268867,155485614,85.93,113.33,47.73,52.27,27.4,4.54,-21.4,1.46
2020,50.0,43.0,7.0,0,0,232,306,74216747,81268867,155485614,85.93,113.33,47.73,52.27,27.4,4.54,-20.4,2.46
2020,49.0,43.0,6.0,0,0,232,306,74216747,81268867,155485614,85.93,113.33,47.73,52.27,27.4,4.54,-21.4,1.46
2020,51.0,42.0,9.0,0,0,232,306,74216747,81268867,155485614,85.93,113.33,47.73,52.27,27.4,4.54,-18.4,4.46
2020,52.0,42.0,10.0,0,0,232,306,74216747,81268867,155485614,85.93,113.33,47.73,52.27,27.4,4.54,-17.4,5.46
2020,51.0,43.0,8.0,0,0,232,306,74216747,81268867,155485614,85.93,113.33,47.73,52.27,27.4,4.54,-19.4,3.46
2020,51.0,44.0,7.0,0,0,232,306,74216747,81268867,155485614,85.93,113.33,47.73,52.27,27.4,4.54,-20.4,2.46
2024,44.0,46.0,2.0,1,1,312,226,77303569,75009233,152312802,115.56,83.7,50.75,49.25,31.86,1.5,-29.86,0.5
2024,44.0,45.0,1.0,1,1,312,226,77303569,75009233,152312802,115.56,83.7,50.75,49.25,31.86,1.5,-30.86,-0.5
2024,45.0,47.0,2.0,1,1,312,226,77303569,75009233,152312802,115.56,83.7,50.75,49.25,31.86,1.5,-29.86,0.5
2024,45.0,48.0,3.0,1,1,312,226,77303569,75009233,152312802,115.56,83.7,50.75,49.25,31.86,1.5,-28.86,1.5
2024,46.0,47.0,1.0,1,1,312,226,77303569,75009233,152312802,115.56,83.7,50.75,49.25,31.86,1.5,-30.86,-0.5
2024,45.0,47.0,2.0,1,1,312,226,77303569,75009233,152312802,115.56,83.7,50.75,49.25,31.86,1.5,-29.86,0.5
2024,46.0,47.0,1.0,1,1,312,226,77303569,75009233,152312802,115.56,83.7,50.75,49.25,31.86,1.5,-30.86,-0.5
2024,46.0,46.0,0.0,0,1,312,226,77303569,75009233,152312802,115.56,83.7,50.75,49.25,31.86,1.5,-31.86,-1.5
2024,45.0,45.0,0.0,0,1,312,226,77303569,75009233,152312802,115.56,83.7,50.75,49.25,31.86,1.5,-31.86,-1.5
2024,44.0,45.0,1.0,1,1,312,226,77303569,75009233,152312802,115.56,83.7,50.75,49.25,31.86,1.5,-30.86,-0.5
2024,45.0,47.0,2.0,1,1,312,226,77303569,75009233,152312802,115.56,83.7,50.75,49.25,31.86,1.5,-29.86,0.5
2024,45.0,46.0,1.0,1,1,312,226,77303569,75009233,152312802,115.56,83.7,50.75,49.25,31.86,1.5,-30.86,-0.5
2024,46.0,47.0,1.0,1,1,312,226,77303569,75009233,152312802,115.56,83.7,50.75,49.25,31.86,1.5,-30.86,-0.5
2024,46.0,48.0,2.0,1,1,312,226,77303569,75009233,152312802,115.56,83.7,50.75,49.25,31.86,1.5,-29.86,0.5
2024,46.0,46.0,0.0,0,1,312,226,77303569,75009233,152312802,115.56,83.7,50.75,49.25,31.86,1.5,-31.86,-1.5
2024,45.0,45.0,0.0,0,1,312,226,77303569,75009233,152312802,115.56,83.7,50.75,49.25,31.86,1.5,-31.86,-1.5
2024,45.0,46.0,1.0,1,1,312,226,77303569,75009233,152312802,115.56,83.7,50.75,49.25,31.86,1.5,-30.86,-0.5
2024,44.0,47.0,3.0,1,1,312,226,77303569,75009233,152312802,115.56,83.7,50.75,49.25,31.86,1.5,-28.86,1.5
2024,45.0,47.0,2.0,1,1,312,226,77303569,75009233,152312802,115.56,83.7,50.75,49.25,31.86,1.5,-29.86,0.5
2024,45.0,48.0,3.0,1,1,312,226,77303569,75009233,152312802,115.56,83.7,50.75,49.25,31.86,1.5,-28.86,1.5
2024,46.0,48.0,2.0,1,1,312,226,77303569,75009233,152312802,115.56,83.7,50.75,49.25,31.86,1.5,-29.86,0.5
2024,47.0,47.0,0.0,0,1,312,226,77303569,75009233,152312802,115.56,83.7,50.75,49.25,31.86,1.5,-31.86,-1.5
2024,48.0,47.0,1.0,0,1,312,226,77303569,75009233,152312802,115.56,83.7,50.75,49.25,31.86,1.5,-30.86,-0.5
2024,48.0,46.0,2.0,0,1,312,226,77303569,75009233,152312802,115.56,83.7,50.75,49.25,31.86,1.5,-29.86,0.5
2024,48.0,47.0,1.0,0,1,312,226,77303569,75009233,152312802,115.56,83.7,50.75,49.25,31.86,1.5,-30.86,-0.5
2024,49.0,47.0,2.0,0,1,312,226,77303569,75009233,152312802,115.56,83.7,50.75,49.25,31.86,1.5,-29.86,0.5
2024,49.0,48.0,1.0,0,1,312,226,77303569,75009233,152312802,115.56,83.7,50.75,49.25,31.86,1.5,-30.86,-0.5
2024,49.0,49.0,0.0,0,1,312,226,77303569,75009233,152312802,115.56,83.7,50.75,49.25,31.86,1.5,-31.86,-1.5
2024,48.0,49.0,1.0,1,1,312,226,77303569,75009233,152312802,115.56,83.7,50.75,49.25,31.86,1.5,-30.86,-0.5
2024,49.0,49.0,0.0,0,1,312,226,77303569,75009233,152312802,115.56,83.7,50.75,49.25,31.86,1.5,-31.86,-1.5
